{
"quizz":"Preguntas sobre cine",
"total":"3",
"datos" :  [
    {      
      "titulo": "Quien fue la primera lady del cine?",
      "img" : "res://assets/movie_barbie.jpg",
      "respuestas": [ 
        "lady halcon",
        "lady gaga",
        "lady bird"
      ],
      "correcta": "1"
      }, 
  {
  
      "titulo": "Director de Blade Runner?",
      "img" : "res://assets/movie_starwars.jpg",
      "respuestas": [ 
        "Tom Ford",
        "Ridley Scott",
        "Almodovar"
      ],
      "correcta": "2"
      },
  {
  
      "titulo": "3. Cuantos oscars gano esta pelicula en 1942?",
      "img" : "res://assets/movie_casablanca.jpg",
      "respuestas": [ 
        "1",
        "2",
        "3"
      ],
      "correcta": "3"
      } 

  
  ]
  

}